{
  "rf": {
    "mean_abs_shap": {
      "keygen_time_ms": 0.1503343768614949,
      "log_keygen_ms": 0.12883433660769256,
      "total_time_ms": 0.12809068054368708,
      "log_dec_ms": 0.08998673154966927,
      "dec_time_ms": 0.08989444442521435,
      "enc_dec_ratio": 0.08320706100508814,
      "memory_peak_kb": 0.0794885021491902,
      "memory_delta_kb": 0.07929491089254122,
      "keygen_enc_ratio": 0.05558097406375087,
      "enc_time_ms": 0.051698795994426526,
      "timing_variance": 0.03367633249176226,
      "cpu_percent": 0.029912853415482714
    },
    "per_class_shap": {
      "RSA_1024": [
        0.007857142857143007,
        0.007857142857143007,
        0.012142857142857233,
        0.004285714285714448,
        0.010714285714285787,
        0.0050000000000000044,
        0.006428571428571672,
        0.0050000000000000044,
        0.006428571428571672,
        0.009285714285714564,
        0.012142857142857233,
        0.008571428571428563
      ],
      "RSA_2048": [
        0.0,
        -2.220446049250313e-16,
        0.0007142857142855563,
        0.0007142857142855563,
        -1.1102230246251565e-16,
        0.0,
        -2.220446049250313e-16,
        0.0028571428571427804,
        0.0014285714285714457,
        0.0007142857142855563,
        0.0,
        0.0014285714285712237
      ],
      "RSA_4096": [
        0.0007142857142855563,
        0.002142857142857002,
        0.0028571428571427804,
        0.008571428571428452,
        0.002142857142857113,
        0.0007142857142855563,
        0.002142857142857113,
        0.005714285714285561,
        0.0007142857142856673,
        -2.220446049250313e-16,
        0.0,
        0.004285714285714226
      ],
      "Kyber_512": [
        0.0,
        0.0,
        0.0,
        0.0,
        0.0,
        0.0,
        0.0007142857142857784,
        0.0,
        0.0007142857142856673,
        0.0,
        0.0,
        0.0
      ],
      "Kyber_768": [
        0.0,
        0.0,
        0.0,
        0.0,
        0.0,
        0.0007142857142857784,
        0.0007142857142857784,
        0.0,
        0.0,
        0.0,
        0.0,
        0.0
      ],
      "Kyber_1024": [
        -0.0007142857142856673,
        0.0,
        0.0,
        0.0,
        0.0,
        0.0,
        0.0,
        0.0,
        0.0,
        0.0007142857142858894,
        1.1102230246251565e-16,
        0.0
      ]
    },
    "method": "gini_impurity",
    "importances_mean": {
      "keygen_time_ms": 0.1503343768614949,
      "log_keygen_ms": 0.12883433660769256,
      "total_time_ms": 0.12809068054368708,
      "log_dec_ms": 0.08998673154966927,
      "dec_time_ms": 0.08989444442521435,
      "enc_dec_ratio": 0.08320706100508814,
      "memory_peak_kb": 0.0794885021491902,
      "memory_delta_kb": 0.07929491089254122,
      "keygen_enc_ratio": 0.05558097406375087,
      "enc_time_ms": 0.051698795994426526,
      "timing_variance": 0.03367633249176226,
      "cpu_percent": 0.029912853415482714
    },
    "importances_std": {
      "keygen_time_ms": 0.0,
      "enc_time_ms": 0.0,
      "dec_time_ms": 0.0,
      "memory_peak_kb": 0.0,
      "cpu_percent": 0.0,
      "enc_dec_ratio": 0.0,
      "timing_variance": 0.0,
      "memory_delta_kb": 0.0,
      "keygen_enc_ratio": 0.0,
      "total_time_ms": 0.0,
      "log_keygen_ms": 0.0,
      "log_dec_ms": 0.0
    }
  },
  "svm": {
    "importances_mean": {
      "memory_delta_kb": 0.355,
      "cpu_percent": 0.20555555555555555,
      "enc_dec_ratio": 0.15555555555555553,
      "memory_peak_kb": 0.10111111111111107,
      "dec_time_ms": 0.03333333333333335,
      "log_keygen_ms": 0.028888888888888874,
      "keygen_time_ms": 0.0,
      "enc_time_ms": 0.0,
      "timing_variance": 0.0,
      "keygen_enc_ratio": 0.0,
      "total_time_ms": 0.0,
      "log_dec_ms": 0.0
    },
    "importances_std": {
      "keygen_time_ms": 0.0,
      "enc_time_ms": 0.0,
      "dec_time_ms": 0.05091750772173157,
      "memory_peak_kb": 0.06619276003825099,
      "cpu_percent": 0.11798200323108497,
      "enc_dec_ratio": 0.09875771574795097,
      "timing_variance": 0.0,
      "memory_delta_kb": 0.15682911199892186,
      "keygen_enc_ratio": 0.0,
      "total_time_ms": 0.0,
      "log_keygen_ms": 0.057777777777777754,
      "log_dec_ms": 0.0
    },
    "method": "permutation"
  },
  "misuse": {
    "importances_mean": {
      "keygen_time_ms": 0.0,
      "enc_time_ms": 0.0,
      "dec_time_ms": 0.0,
      "memory_peak_kb": 0.0,
      "cpu_percent": 0.0,
      "enc_dec_ratio": 0.0,
      "timing_variance": 0.0,
      "memory_delta_kb": 0.0,
      "keygen_enc_ratio": 0.0,
      "total_time_ms": 0.0,
      "log_keygen_ms": 0.0,
      "log_dec_ms": 0.0
    },
    "importances_std": {
      "keygen_time_ms": 0.0,
      "enc_time_ms": 0.0,
      "dec_time_ms": 0.0,
      "memory_peak_kb": 0.0,
      "cpu_percent": 0.0,
      "enc_dec_ratio": 0.0,
      "timing_variance": 0.0,
      "memory_delta_kb": 0.0,
      "keygen_enc_ratio": 0.0,
      "total_time_ms": 0.0,
      "log_keygen_ms": 0.0,
      "log_dec_ms": 0.0
    },
    "method": "permutation"
  }
}